blog_date,blog_image_url,blog_likes_count,blog_title
"November 23, 2023",https://rategain.com/blog/swiftie-effect-in-buenos-aires/,5,Taylor Swift's Spectacular Tour Sparks Unprecedented Hotel Booking Surge in Buenos Aires
"November 22, 2023",https://rategain.com/blog/guide-to-hotel-revenue-management/,2,A Complete Guide to Hotel Revenue Management
"November 22, 2023",https://rategain.com/blog/guide-to-choosing-the-right-hotel-booking-engine/,3,The Ultimate Guide to Choosing the Right Hotel Booking Engine
"October 20, 2023",https://rategain.com/blog/new-related-search-feature-in-auto-ads/,32,"Maximize Your Hotel’s Exposure with Google AdSense’s New ""Related Search"" Feature in Auto Ads"
"October 12, 2023",https://rategain.com/blog/facebook-reservation-buying-type/,17,Beyond Reach & Frequency: Hotels' New Era with Facebook's 'Reservation' Buying Type
"October 5, 2023",https://rategain.com/blog/managing-overbookings-and-cancellations-with-hotel-booking-engines/,12,Managing Overbookings and Cancellations with Hotel Booking Engines
"October 1, 2023",https://rategain.com/blog/gds-vs-channel-manager/,11,Global Distribution System (GDS) vs. Channel Manager: Which is Right for Your Hotel
"September 28, 2023",https://rategain.com/blog/europe-christmas-travel-trends/,8,Jingle All the Way: Europe Christmas Travel Trends
"September 28, 2023",https://rategain.com/blog/bing-hotel-ads/,9,Why Bing Hotel Ads Should Be in Your Marketing Mix
"September 26, 2023",https://rategain.com/blog/year-end-travel-trends-in-singapore/,8,Unraveling the Alchemy: Year-End Travel Trends in Singapore
"September 25, 2023",https://rategain.com/blog/year-end-us-domestic-travel-insights/,7,Year-End U.S. Domestic Travel Insights: A Revenue Manager's Guide to Success
"September 25, 2023",https://rategain.com/blog/top-travel-destinations-in-egypt/,7,Unlocking Top Travel Destinations in Egypt: A Hotelier's Playbook
"September 22, 2023",https://rategain.com/blog/egypt-hotel-strategies/,7,Shaping Success in Egypt's Dynamic Hospitality Landscape: A Roadmap for Hoteliers
"September 15, 2023",https://rategain.com/blog/renewable-energy-in-hotels/,6,Checking In to a Greener Future: Renewable Energy in Hotels
"September 14, 2023",https://rategain.com/blog/role-of-travel-sellers-in-sustainable-tourism/,6,Sustaining Communities: The Role of Travel Sellers in Sustainable Tourism
"September 11, 2023",https://rategain.com/blog/water-conservation-in-hotels/,6,Flowing Towards Sustainability: Water Conservation in Hotels
"September 10, 2023",https://rategain.com/blog/eco-friendly-practices-in-vacation-rentals/,7,Eco-Friendly Practices in Vacation Rentals: A Win-Win for Guests and the Environment
"September 9, 2023",https://rategain.com/blog/zero-waste-travel/,6,Zero-Waste Travel: A Sustainable Path to Explore the World
"September 8, 2023",https://rategain.com/blog/sustainable-supply-chain-management-in-hotels/,5,Building a Greener Future: Sustainable Supply Chain Management in Hotels
"September 7, 2023",https://rategain.com/blog/airline-sustainability-initiatives/,4,Airline Sustainability Initiatives: How Airlines are Going Green
"September 6, 2023",https://rategain.com/blog/eco-tourism/,6,Exploring Eco-Tourism: Where Nature Meets Responsible Travel
"September 6, 2023",https://rategain.com/blog/sustainability-impact-for-hotels-and-travel-sellers/,4,Measuring and Reporting Sustainability Impact: Metrics for Hotels and Travel Sellers
"September 5, 2023",https://rategain.com/blog/sustainable-practices-for-tour-operators/,6,Reducing Carbon Footprint: Sustainable Practices for Tour Operators
"September 4, 2023",https://rategain.com/blog/biodiversity-conservation-in-travel/,5,Preserving Paradise: Biodiversity Conservation in Travel
"September 3, 2023",https://rategain.com/blog/how-green-is-your-hotel/,7,"How Green is your Hotel? Do Good and Show it to the World – on Google, for Example"
"September 1, 2023",https://rategain.com/blog/evolution-of-uk-hospitality/,7,The Digital Evolution of UK Hospitality: A Historic Journey From Keys to Clicks
"September 1, 2023",https://rategain.com/blog/future-of-sustainable-car-rentals/,6,Driving Green: The Future of Sustainable Car Rentals
"September 1, 2023",https://rategain.com/blog/sustainable-food-practices-in-hotels-and-restaurants/,6,Taste the Future: Sustainable Food Practices in Hotels and Restaurants
"September 1, 2023",https://rategain.com/blog/impact-of-dmo-on-local-economies/,8,The Heart of Travel: DMOs and Their Impact on Local Economies
"August 31, 2023",https://rategain.com/blog/the-world-is-coming-to-india-this-winters/,9,Exploring India's Travel Resurgence: From G20 Summit to Cricket Hype Amidst a High-Demand Festive Season
"August 21, 2023",https://rategain.com/blog/add-social-media-to-google-business-profile/,5,Social Media Meets Google Business Profile: Here's Why You Should Care
"August 18, 2023",https://rategain.com/blog/hotel-system-connectivity-challenges/,5,Connect the Dots: Decoding Common Hotel System Connectivity Challenges
"August 17, 2023",https://rategain.com/blog/ga4-user-data-export-to-big-query-for-hotels/,5,GA4's New User Data Export to BigQuery: Your Key to Hyper-Personalized Hotel Marketing
"August 16, 2023",https://rategain.com/blog/role-of-ai-ml-in-hotel-search-engines/,5,How AI and Machine Learning are Shaping Hotel Search Engines
"August 16, 2023",https://rategain.com/blog/global-dei-strategy/,5,Unpacking Global DE&I Pillars: A Strategy for Inclusivity
"August 15, 2023",https://rategain.com/blog/evolution-of-hotel-search-engines/,5,"The Evolution of Hotel Search Engines: Past, Present, and Future"
"August 14, 2023",https://rategain.com/blog/top-innovations-of-independent-india/,6,From Green Revolution to Space Exploration: 75 Innovations Propelling India Beyond 75
"August 10, 2023",https://rategain.com/blog/hotel-search-engines-promoting-sustainability/,3,Going Green: How Hotel Search Engines are Championing the Cause of Sustainable Travel
"August 9, 2023",https://rategain.com/blog/google-hotel-filtered-search-carousel/,3,Get Noticed: The Smart Hotelier's Guide to Google's Filtered Search Carousel
"August 9, 2023",https://rategain.com/blog/hotel-search-engines/,4,Understanding the Mechanics of Hotel Search Engines
"August 8, 2023",https://rategain.com/blog/hospitality-softwares/,5,Hospitality in the Digital Age: Software Breakthroughs and What's Next
"August 4, 2023",https://rategain.com/blog/gaining-a-competitive-edge-at-every-stage-of-the-traveler-journey/,5,Gaining a Competitive Edge at Every Stage of the Traveler Journey
"August 4, 2023",https://rategain.com/blog/hotel-revenue-management-analytics/,5,Elevate Your Hotel's Performance with Revenue Management Analytics
"August 4, 2023",https://rategain.com/blog/stay-competitive-in-hospitality-industry/,6,How Hotels Can Stay Ahead in the Dynamic Hospitality Industry
"August 1, 2023",https://rategain.com/blog/hospitality-management/,5,What is Hospitality Management? Why is it Important?
"August 1, 2023",https://rategain.com/blog/pop-icons-driving-travel-demand/,5,Has 'The Swiftie Fever' Opened New Travel Avenues In the U.S.
"July 21, 2023",https://rategain.com/blog/technology-partnerships-for-hotels/,7,How to Make Technology Partnerships Successful for Hotels
"July 20, 2023",https://rategain.com/blog/ai-and-ml-in-travel-industry/,7,AI and Machine Learning – Who Will Lead the Change and What Will it Look Like?
"July 18, 2023",https://rategain.com/blog/ideas-for-large-hotel-chains-for-success/,5,Large Hotel Chains Can Move Fast Too: 10 Ideas To Implement Today
"July 18, 2023",https://rategain.com/blog/basics-of-distribution-for-hotel-chains/,5,The Basics of Distribution for Hotel Chains
"July 18, 2023",https://rategain.com/blog/benefits-of-metasearch-marketing/,5,Supercharging Hotel Bookings: The Game-Changing Benefits of Metasearch Marketing
"July 17, 2023",https://rategain.com/blog/tech-stack-needed-by-otas/,5,The Tech-Stack Needed by OTAs to Scale Your BI Capabilities
"July 17, 2023",https://rategain.com/blog/future-of-rate-parity-in-the-hospitality-industry/,6,The Future of Rate Parity in the Hospitality Industry
"July 12, 2023",https://rategain.com/blog/hotel-pricing-ai/,5,How Hotel Pricing is Going to Change in the Age of AI
"July 10, 2023",https://rategain.com/blog/instagram-threads-for-travel-and-hospitality-and-travel-industry/,5,Leveraging Instagram Threads for the Travel and Hospitality Industry
"July 7, 2023",https://rategain.com/blog/ga4-for-hoteliers/,7,Calling All Hoteliers: Unleash the Power of GA4 for Optimal Performance
"July 3, 2023",https://rategain.com/blog/sustainable-hotels/,6,Green Gold: Sustainable Hotels Shaping Profitable and Responsible Hospitality
"June 28, 2023",https://rategain.com/blog/managing-hotel-cancellations/,4,Managing Hotel Cancellations: Strategies to Optimize Revenue and Guest Satisfaction
"June 27, 2023",https://rategain.com/blog/big-data-in-hospitality-industry/,5,Big Data: The Game Changer in Hospitality Industry
"June 26, 2023",https://rategain.com/blog/hotel-challenges/,5,Unveiling the Hotel Challenges: Navigating Obstacles in the Dynamic Hospitality Landscape
"June 23, 2023",https://rategain.com/blog/distribution-challenges-for-hotels-in-latin-america/,5,Distribution Challenges for Hotels in Latin America
"June 22, 2023",https://rategain.com/blog/solving-hotel-distribution-challenges-with-technology-and-strategy/,7,Navigating Hotel Distribution Challenges with Technology and Strategy
"June 20, 2023",https://rategain.com/blog/digital-foundation-in-hospitality/,6,What Does Digital Foundation in Hospitality Look Like
"June 13, 2023",https://rategain.com/blog/effective-hotel-pricing-strategies-during-low-demand-periods/,6,Effective Hotel Pricing Strategies To Maximize Revenue During Low Demand Periods
"June 12, 2023",https://rategain.com/blog/the-power-of-allyship/,6,The Power of Allyship: Building Bridges of Support and Inclusion
"June 11, 2023",https://rategain.com/blog/effective-hotel-revenue-management-strategies/,5,Mastering Success: Hotel Revenue Management Strategies for Optimal Growth
"June 10, 2023",https://rategain.com/blog/solving-the-challenge-of-overbooking-in-hotels/,6,Solving the Challenge of Overbooking in Hotels: Strategies for Seamless Guest Experience
"June 9, 2023",https://rategain.com/blog/managing-hotel-demand-during-special-events/,6,Navigating the Highs and Lows: Managing Hotel Demand During Special Events
"June 9, 2023",https://rategain.com/blog/the-impact-of-weather-on-hotel-demand/,6,The Impact of Weather on Hotel Demand: Leveraging Insights for Success
"June 8, 2023",https://rategain.com/blog/google-marketing-live-ai-powered-innovations-for-the-hotel-industry/,6,Inside Google Marketing Live 2023: AI-Powered Innovations & What They Mean for the Hotel Industry
"June 8, 2023",https://rategain.com/blog/hotel-loyalty-programs/,6,Hotel Loyalty Programs: Building Customer Loyalty and Maximizing Rewards
"June 8, 2023",https://rategain.com/blog/the-impact-of-seasonality-on-hotel-revenue/,7,The Impact of Seasonality on Hotel Revenue: Understanding the Highs and Lows
"June 7, 2023",https://rategain.com/blog/walking-the-tight-rope-high-adr-and-low-distribution-cost/,7,Walking the Tight Rope: High Hotel ADR and Low Distribution Cost
"June 7, 2023",https://rategain.com/blog/managing-hotel-inventory-distribution-through-crs/,7,The Role of Central Reservation Systems in Efficient Hotel Inventory Distribution
"June 5, 2023",https://rategain.com/blog/the-history-of-pride-month/,5,The History of Pride Month: Celebrating Love and Equality
"June 5, 2023",https://rategain.com/blog/cloud-computing-for-hotels/,5,A Comprehensive Guide to Cloud Computing for Hotels: Transforming the Hospitality Industry
"June 1, 2023",https://rategain.com/blog/hotel-central-reservation-system/,6,Unlock the Power of a Hotel Central Reservation System
"May 26, 2023",https://rategain.com/blog/data-analytics-distribute-hotel-inventory-profitably/,5,Data and Analytics Can Help You Distribute Your Hotel Inventory Effectively & Run Hotel Profitably
"May 26, 2023",https://rategain.com/blog/hotel-data-analytics/,7,Data-Driven Excellence: Maximizing Performance with Hotel Data Analytics
"May 25, 2023",https://rategain.com/blog/driving-higher-hotel-occupancy-rates/,7,Driving Higher Hotel Occupancy Rates: Implementing Effective Strategies
"May 24, 2023",https://rategain.com/blog/the-complete-guide-to-hotel-digital-marketing/,7,The Complete Guide to Hotel Digital Marketing: Boost Your Online Presence and Drive Bookings
"May 23, 2023",https://rategain.com/blog/global-distribution-system/,8,What is a Global Distribution System (GDS)? How does it Benefit Your Hotel?
"May 23, 2023",https://rategain.com/blog/power-of-hotel-technology/,5,Unleashing the Power of Hotel Technology: The Game Changer in Tech-Savvy Hospitality
"May 23, 2023",https://rategain.com/blog/introduction-to-hotel-revenue-management/,4,Unlocking Profitability: An Introduction to Hotel Revenue Management
"May 22, 2023",https://rategain.com/blog/why-should-destinations-have-a-destination-marketing-organization/,2,Why Should All Destinations Have a Destination Marketing Organization (DMO)?
"May 22, 2023",https://rategain.com/blog/destination-marketing-guide/,2,"Destination Marketing Organization: Its Roles, Importance, and Benefits in the Hospitality Industry"
"May 22, 2023",https://rategain.com/blog/difference-between-a-hotel-pms-channel-manager-otas-and-booking-engine/,5,"Difference Between a Hotel PMS, Channel Manager, OTAs, and Booking Engine"
"May 21, 2023",https://rategain.com/blog/hotel-distribution-channels-guide/,3,The Complete Guide to Distribution Channels in the Hotel Industry
"May 21, 2023",https://rategain.com/blog/unlocking-new-revenue-streams-a-guide-to-effective-channel-management-for-hospitality-businesses/,3,Unlocking New Revenue Streams: A Guide to Effective Channel Management for Hospitality Businesses
"May 21, 2023",https://rategain.com/blog/unveiling-the-magic-of-metasearch-engines/,2,Unveiling the Magic of Metasearch Engines: A Game Changer for Online Businesses
"May 20, 2023",https://rategain.com/blog/content-management-for-hotel-distribution/,3,Where does Content Fit in the Evolution of Hotel Distribution?
"May 19, 2023",https://rategain.com/blog/hotel-content-management-system-for-increased-online-presence/,2,Boost Your Hotel's Online Presence with a Hotel Content Management System
"May 18, 2023",https://rategain.com/blog/streamlining-hotel-pricing-with-rate-shopping-software/,2,Streamline Your Hotel Pricing Strategy with Advanced Rate Shopping Software
"May 18, 2023",https://rategain.com/blog/what-dynamic-pricing-can-do-to-your-hotel-revenue/,10,Dynamic Pricing Strategy in Hotels for Hospitality Industry
"May 18, 2023",https://rategain.com/blog/hotel-pricing-strategy-to-maximize-revenue/,5,Hotel Pricing Strategy: Maximizing Revenue Through Effective Pricing Techniques
"May 18, 2023",https://rategain.com/blog/google-hotel-ads-guide/,5,How To Use Google Hotel Ads: A Complete Guide
"May 16, 2023",https://rategain.com/blog/boost-hotel-revenue-inventory-availability-management/,6,Boost Your Hotel Revenue with Efficient Hotel Inventory Management
"May 16, 2023",https://rategain.com/blog/how-to-benefit-from-hotel-wholesalers/,5,Cracking the Code: How to Benefit from Hotel Wholesalers
"May 15, 2023",https://rategain.com/blog/tips-hotel-manage-rate-parity-issue/,6,8 Easy Tips for Hotel Revenue Managers to Cope With Rate Parity Issues
"May 15, 2023",https://rategain.com/blog/what-is-hotel-rate-parity/,5,What is Hotel Rate Parity? Why is it Important in the Hotel Industry?
"May 14, 2023",https://rategain.com/blog/18-factors-to-consider-before-investing-in-channel-manager-for-your-hotel/,4,18 Factors to Consider before Investing in Channel Manager for Your Hotel
"May 14, 2023",https://rategain.com/blog/hotel-sales-strategies/,4,Crucial Hotel Sales Strategies to Boost Occupancy and Revenue
"May 14, 2023",https://rategain.com/blog/what-is-a-hotel-channel-manager/,5,What is a Hotel Channel Manager? How Do You Choose the Perfect One?
"May 13, 2023",https://rategain.com/blog/how-content-can-solve-the-expectation-gap-for-hotels/,5,How Can Content Solve The Expectation Gap for Hotels?
"May 11, 2023",https://rategain.com/blog/guest-behaviors-changing-booking-inspiration/,4,Changing Markets Post-Pandemic: Guest Behaviors Changing Booking Inspiration
"May 6, 2023",https://rategain.com/blog/hotel-occupancy-rate/,7,What is Hotel Occupancy Rate? How to Calculate it?
"May 5, 2023",https://rategain.com/blog/is-revpar-the-best-metric-to-measure-profitability/,4,Is RevPAR the Best Metric to Measure Profitability?
"May 5, 2023",https://rategain.com/blog/why-are-frequent-content-updates-important/,5,Why Should Hotels Update Content On OTAs Frequently?
"May 4, 2023",https://rategain.com/blog/why-metasearch-is-critical-for-your-direct-bookings-strategy/,4,Why Metasearch is critical for your Direct Bookings Strategy
"May 3, 2023",https://rategain.com/blog/why-content-on-otas-is-critical-for-improving-conversion-rates/,4,Why Content on OTAs is Critical for Improving Conversion Rates
"May 3, 2023",https://rategain.com/blog/how-hotels-distribute-inventory-to-drive-bookings/,4,How do Hotels Distribute Inventory to Drive Bookings
"May 1, 2023",https://rategain.com/blog/what-is-revpar-why-does-it-matter/,4,What is RevPAR ? Why does it Matter?
"April 30, 2023",https://rategain.com/blog/hotel-marketing-strategy-for-2023/,3,A Complete Guide to Hotel Marketing Strategy for 2023
"April 27, 2023",https://rategain.com/blog/future-of-hospitality-in-latin-america/,4,Latin America’s Hospitality Industry is Ready to Take the AI Leap into the Future
"April 27, 2023",https://rategain.com/blog/sustainable-travel/,4,Sustainability: The Conversation We Need To Have With ChatGPT Today
"April 22, 2023",https://rategain.com/blog/heres-why-you-should-care-about-hotel-content-management-distribution/,7,Here's Why You Should Care About Hotel Content Management & Distribution
"April 15, 2023",https://rategain.com/blog/why-ease-of-use-is-the-core-of-any-booking-engine/,7,Why Ease of Use is the Core of any Booking Engine?
"April 14, 2023",https://rategain.com/blog/why-is-security-critical-for-a-booking-engine/,7,Why is Security Critical for a Booking Engine?
"April 13, 2023",https://rategain.com/blog/thank-you-booking-com-for-showing-us-the-future/,4,Thank You Booking.com For Showing Us The Future
"April 13, 2023",https://rategain.com/blog/how-to-evaluate-a-booking-engine/,7,How to Evaluate a Booking Engine?
"April 12, 2023",https://rategain.com/blog/hotel-booking-engine/,3,All You Need to Know About a Hotel Booking Engine
"April 6, 2023",https://rategain.com/blog/revolutionizing-guest-experiences-and-revenue-management-with-ai/,9,Revolutionizing Guest Experiences and Revenue Management with AI
"April 5, 2023",https://rategain.com/blog/what-is-a-direct-booking/,9,What is Direct Booking?
"April 1, 2023",https://rategain.com/blog/relevance-of-hotel-content/,4,The Relevance of Content for Hotels
"March 21, 2023",https://rategain.com/blog/leading-the-way-top-8-hospitality-technology-trends-to-watch-in-2023/,6,Leading the Way: Top 8 Hospitality Technology Trends to Watch in 2023
"March 21, 2023",https://rategain.com/blog/what-is-hotel-connectivity-distribution-complete-guide/,3,A Complete Guide to Hotel Connectivity & Distribution
"March 16, 2023",https://rategain.com/blog/revolutionizing-the-hospitality-industry-the-role-of-advanced-channel-managers-in-driving-hotel-business-growth/,4,Revolutionizing the Hospitality Industry: The Role of Advanced Channel Managers in Driving Hotel Business Growth
"March 6, 2023",https://rategain.com/blog/what-are-hotel-industry-statistics/,4,What are Hotel Industry Statistics?
"February 15, 2023",https://rategain.com/blog/the-data-goldmine-the-3-step-process-to-unlocking-the-power-of-guest-data/,4,The Data Goldmine: The 3 Step Process to Unlocking the Power of Guest Data
"January 31, 2023",https://rategain.com/blog/how-to-use-guest-messaging-to-improve-revenue/,4,How To Use Guest Messaging To Improve Revenue
"January 30, 2023",https://rategain.com/blog/spin-around-the-challenges-of-an-economic-downturn-with-ai-enabled-solutions/,3,Spin Around the Challenges of an Economic Downturn with AI-Enabled Solutions
"January 23, 2023",https://rategain.com/blog/hotel-property-management-system/,4,What is a Hotel Property Management System (PMS)?
"January 20, 2023",https://rategain.com/blog/unlocking-a-new-level-of-luxury-for-dubai/,3,Unlocking A New Level Of Luxury For Dubai: The Rising Need For Technology
"January 6, 2023",https://rategain.com/blog/troubleshooting-guest-engagement/,5,Troubleshooting Guest Engagement: Is the Answer in the Palm of your Hands? 
"December 23, 2022",https://rategain.com/blog/solving-labor-shortage-with-technology-for-guest-engagement/,4,No Shortage of Guest Engagement Despite Labour Shortage in the UK: Why Technology is the Answer
"December 16, 2022",https://rategain.com/blog/journey-to-better-guest-satisfaction-why-digitisation-is-the-shortcut-you-need/,3,Journey to better guest satisfaction: Why digitisation is the shortcut you need
"December 12, 2022",https://rategain.com/blog/tips-for-a-booking-friendly-hotel-website/,3,7 Tips for A Booking-friendly Hotel Website
"December 6, 2022",https://rategain.com/blog/what-the-hotels-of-maldives-need-to-know/,3,The Problem In Paradise: What The Hotels Of Maldives Need To Know
"November 11, 2022",https://rategain.com/blog/ai-to-understand-guest-feelings/,2,The Good Side Of AI: Read Between The Lines To Understand Your Guests’ Feelings
"November 4, 2022",https://rategain.com/blog/preparing-for-the-future-of-air-travel-demand/,1,Preparing for the Future of Air Travel Demand
"November 3, 2022",https://rategain.com/blog/digital-hospitality-no-longer-an-oxymoron/,1,Digital Hospitality: No Longer An Oxymoron
"October 27, 2022",https://rategain.com/blog/peak-experience-for-the-peak-season/,2,Peak Experience For The Peak Season
"October 24, 2022",https://rategain.com/blog/travel-demand-data-report-asia-oct-2022/,2,Forward-looking Insights on Travel Demand: Top Trending Cities in Asia (Oct – Dec 2022)
"October 19, 2022",https://rategain.com/blog/guest-dissatisfaction-de-mystified/,2,Guest Dissatisfaction: De-mystified
"October 11, 2022",https://rategain.com/blog/beyond-just-emojis-leveraging-whatsapp-to-improve-guest-experience/,2,Beyond Just Emojis: Leveraging WhatsApp To Improve Guest Experience
"October 6, 2022",https://rategain.com/blog/experiences-above-all-the-long-and-short-of-guest-experiences/,1,Experiences Above All:  The Long and Short of Guest Experiences
"October 4, 2022",https://rategain.com/blog/humans-of-rategain-mark-haywood/,1,Humans Of RateGain: Q&A With Mark Haywood
"October 3, 2022",https://rategain.com/blog/indias-festive-season-travel-outlook/,2,India’s Festive Season Travel Outlook
"September 27, 2022",https://rategain.com/blog/productivity-for-the-front-desk-what-has-changed/,3,Productivity For The Front Desk: What Has Changed
"September 20, 2022",https://rategain.com/blog/how-can-scoring-content-help-hotels-drive-more-bookings/,3,How Can Scoring Content Help Hotels Drive More Bookings
"September 20, 2022",https://rategain.com/blog/new-data-sources-to-help-commercial-teams-make-better-decisions/,3,New Data Sources To Help Commercial Teams Make Better Decisions
"September 20, 2022",https://rategain.com/blog/hotel-online-bookings-can-be-more-profitable/,3,Hotel Online Bookings Can Be More Profitable
"August 25, 2022",https://rategain.com/blog/bridging-silos-in-commercial-teams-post-pandemic/,7,Bridging Silos in Commercial Teams Post Pandemic
"August 25, 2022",https://rategain.com/blog/data-transparency-the-new-way-to-collaborate-in-commercial-teams/,7,Data Transparency: The New Way to Collaborate in Commercial Teams
"July 18, 2022",https://rategain.com/blog/are-middle-east-hoteliers-ready-for-the-next-big-shift/,5,Are Middle East Hoteliers Ready for the Next Big Shift?
"July 13, 2022",https://rategain.com/blog/artificial-intelligence-future-of-hospitality-industry/,6,Artificial Intelligence in the Hospitality Industry : The Future
"July 7, 2022",https://rategain.com/blog/all-about-engage-ai/,7,What is Engage-AI? What are the benefits of using Engage-AI?
"June 30, 2022",https://rategain.com/blog/enjoy-greater-conversions-by-offering-mobile-rates-to-your-prospective-customers/,7,Enjoy Greater Conversions by Offering Mobile Rates to your Prospective Customers
"June 21, 2022",https://rategain.com/blog/improving-business-by-offering-country-rates-to-prospective-customers/,6,Improving Business by Offering Country Rates to Prospective Customers
"May 31, 2022",https://rategain.com/blog/the-role-of-metasearch-in-pandemic-recovery/,6,The Role of Metasearch in Pandemic Recovery
"March 31, 2022",https://rategain.com/blog/dmo-destination-marketing-intelligence-strategy/,5,Why Forward-looking Demand Intelligence is all the More Important for a Destination and it's DMO Today?
"March 10, 2022",https://rategain.com/blog/how-to-become-a-genius-and-drive-up-hotel-visibility-and-occupancy-rates/,5,How to Become a Genius and Drive-up Hotel Visibility and Occupancy Rates!
"March 9, 2022",https://rategain.com/blog/airline-traveller-demand-forecast/,6,Airline Traveler Forecast: Can it help in anticipating demand better?
"January 13, 2022",https://rategain.com/blog/how-can-user-experience-help-revenue-managers/,3,How can User Experience Help Revenue Managers? Ask AirGain
"December 24, 2021",https://rategain.com/blog/the-travel-manifesto-for-2022/,9,The Travel Manifesto for 2022
"October 22, 2021",https://rategain.com/blog/marketing-technology-in-a-data-driven-era/,8,Marketing Technology in a Data-Driven Era
"October 5, 2021",https://rategain.com/blog/usability-and-accessibility-how-they-are-making-airgain-smarter-for-you/,10,Usability and Accessibility – How they are making AirGain smarter for you!
"October 4, 2021",https://rategain.com/blog/building-a-culture-of-empowerment/,8,Building a Culture of Empowerment
"September 29, 2021",https://rategain.com/blog/is-the-future-of-forecasting-clear-for-revenue-managers/,10,Is The Future Of Forecasting Clear For Revenue Managers?
"September 28, 2021",https://rategain.com/blog/directly-manage-rooms-and-rates-from-rategains-channel-manager-ui-to-booking-com/,5,Upcoming Launch: The New Room – Rate Management API will Help Distribution Teams Directly and Quickly Create/Retrieve a Multitude of Room Rate Types from RezGain
"September 23, 2021",https://rategain.com/blog/how-revenue-managers-can-be-future-ready-for-the-next-crisis/,9,How Revenue Managers Can Be Future Ready For The Next Crisis
"September 3, 2021",https://rategain.com/blog/how-can-new-airlines-thrive-the-post-covid-world/,4,How Can New Airlines Thrive the Post- Covid World
"September 1, 2021",https://rategain.com/blog/making-your-hotel-channel-manager-adapt-to-your-day/,4,Making Your Hotel Channel Manager Adapt to Your Day
"September 1, 2021",https://rategain.com/blog/cargain-canvas-analytics-that-give-you-360-degree-control-over-your-market/,3,CarGain Canvas: Analytics that give you 360 degree control over your market
"July 8, 2021",https://rategain.com/blog/what-signals-is-the-summer-of-2021-giving-car-rentals/,4,What Signals is the Summer of 2021 Giving Car Rentals?
"June 25, 2021",https://rategain.com/blog/what-are-your-pronouns/,9,WHAT ARE YOUR PRONOUNS?
"June 15, 2021",https://rategain.com/blog/bringing-more-speed-and-agility-to-airline-pricing-for-the-post-covid-revenue-manager/,5,Bringing More Speed and Agility to Airline Pricing for the Post-COVID Revenue Manager
"May 3, 2021",https://rategain.com/blog/the-current-state-of-airline-pricing-post-covid/,5,The Current State of Airline Pricing post-Covid
"May 3, 2021",https://rategain.com/blog/how-can-hoteliers-get-2021-right-with-a-solid-pricing-strategy-as-volatility-in-recovery-persists/,5,How can hoteliers get 2021 right with a solid pricing strategy as volatility in recovery persists
"April 30, 2021",https://rategain.com/blog/why-we-must-tell-a-visual-data-story/,5,Why We Must Tell a Visual Data Story
"April 29, 2021",https://rategain.com/blog/airlines-revenue-management-checklist-for-2021/,5,Airlines Revenue Management Checklist for 2021
"December 25, 2020",https://rategain.com/blog/cap-on-wedding-guests-might-pinch-but-its-a-necessary-evil/,3,"Cap on Wedding Guests Might Pinch, But It's a Necessary Evil"
"December 22, 2020",https://rategain.com/blog/we-have-been-profitable-since-inception-yogeesh-chandra-global-head-of-corporate-development-rategain/,3,"We have been Profitable Since Inception: Yogeesh Chandra- Global Head of Corporate Development, RateGain"
"December 21, 2020",https://rategain.com/blog/some-employees-are-getting-a-new-jobat-their-old-job/,5,Some Employees are Getting a New Job…At Their Old Job
"December 21, 2020",https://rategain.com/blog/visioning-the-post-covid-era-in-revenue-management/,5,Visioning The Post-COVID Era In Revenue Management
"December 21, 2020",https://rategain.com/blog/50-rise-in-bookings-not-enough-for-india-to-catch-up-with-global-recovery/,5,50% Rise in Bookings Not Enough for India to Catch Up With Global Recovery
"December 20, 2020",https://rategain.com/blog/tech-skills-that-can-rebuild-the-travel-industry/,5,Tech Skills That can Rebuild the Travel Industry
"December 18, 2020",https://rategain.com/blog/after-china-can-revenge-travel-happen-in-india/,4,After China can 'Revenge Travel' Happen in India?
"December 16, 2020",https://rategain.com/blog/travel-hospitality-sector-will-take-12-15-months-to-cross-pre-covid-level-hiring-figures-industry-leaders/,4,Travel & Hospitality Sector Will Take 12-15 Months To Cross Pre-covid Level Hiring Figures: Industry Leaders
"December 16, 2020",https://rategain.com/blog/what-hotels-need-to-know-about-the-staycation-boom/,4,What Hotels Need to Know About the Staycation Boom
"December 16, 2020",https://rategain.com/blog/heres-how-hoteliers-can-attract-new-travelers-in-the-post-covid-era/,5,Here’s How Hoteliers Can Attract New Travelers in the Post-COVID Era
"December 15, 2020",https://rategain.com/blog/how-airline-revenue-management-and-pricing-teams-respond-to-revenue-volatility/,5,How Airline Revenue Management and Pricing Teams Respond to Revenue Volatility?
"December 15, 2020",https://rategain.com/blog/revenue-volatility-in-airlines-is-here-to-stay-what-can-revenue-pricing-teams-do-about-it/,5,Revenue Volatility in Airlines is Here to Stay: What can Revenue & Pricing Teams do About it?
"December 15, 2020",https://rategain.com/blog/these-new-car-rental-subscription-programs-will-get-you-there/,5,These New Car Rental Subscription Programs Will Get You There
"December 12, 2020",https://rategain.com/blog/pardon-me-your-politics-are-showing/,4,"Pardon me, your politics are showing"
"December 12, 2020",https://rategain.com/blog/new-deal-europe-weekly-update-on-tourism-to-the-balkan-region-week-24/,4,"New Deal Europe Weekly Update on Tourism to the Balkan Region, Week 24"
"October 21, 2020",https://rategain.com/blog/see-the-green-shoots-of-recovery-with-smart-distributions-latest-addition-future-demand/,5,See the Green Shoots of Recovery with Smart Distribution’s latest addition “Future Demand”
"October 7, 2020",https://rategain.com/blog/seven-tactics-to-keep-your-hotels-distribution-healthy-and-highly-profitable/,8,Seven Tactics to Keep your Hotel's Distribution Healthy and Highly Profitable
"August 25, 2020",https://rategain.com/blog/bespoke-strategies-for-opening-the-doors-to-the-european-market/,7,Bespoke Strategies for Opening the Doors to the European Market
"August 20, 2020",https://rategain.com/blog/a-new-era-of-exploration-is-coming-to-hoteliers-stay-tuned/,4,A New Era of Exploration is Coming to Hoteliers. Stay Tuned!
"August 14, 2020",https://rategain.com/blog/perspectives-with-saurabh-prakash-how-hotels-can-get-digital-right-for-recovery/,4,Perspectives with Saurabh Prakash: How Hotels Can Get Digital Right for Recovery
"July 22, 2020",https://rategain.com/blog/perspectives-with-debojo-how-survival-became-a-success-metric-at-spicejet/,6,Perspectives with Debojo: How Survival Became A Success Metric at SpiceJet
"July 20, 2020",https://rategain.com/blog/strategies-for-hoteliers-to-get-back-to-business-for-uk-market/,6,Strategies for Hoteliers to Get Back to Business for UK Market
"July 20, 2020",https://rategain.com/blog/strategies-for-hoteliers-to-get-back-to-business-for-europe-market/,9,Strategies for Hoteliers to Get Back to Business for Europe Market
"July 14, 2020",https://rategain.com/blog/perspectives-8-with-ajay-bakaya-managing-director-sarovar-hotels-and-resorts/,4,"Perspectives #8 with Ajay Bakaya, Managing Director, Sarovar Hotels and Resorts"
"June 30, 2020",https://rategain.com/blog/re-taking-the-skies-what-can-commercial-teams-do-to-gear-up-for-a-full-return-of-airline-travel-in-the-new-normal/,3,Re-Taking The Skies : What Can Commercial Teams Do To Gear Up For A Full Return Of Airline Travel In The New Normal
"June 15, 2020",https://rategain.com/blog/react-to-competitive-prices-in-real-time-with-rategains-optima-marketdrone/,4,React to Competitive Prices in Real Time with RateGain’s OPTIMA MarketDrone
"June 2, 2020",https://rategain.com/blog/watch-your-language-content-in-the-new-hospitality-landscape/,4,Watch Your Language! Content in the New Hospitality Landscape
"May 5, 2020",https://rategain.com/blog/keeping-lights-on-during-the-current-covid-crisis/,4,Keeping Lights on During the Current COVID Crisis!
"April 23, 2020",https://rategain.com/blog/hoteliers-spot-new-markets-to-create-new-revenues-in-a-post-covid-19-world/,11,"Hoteliers, Spot New Markets to Create New Revenues in a Post-COVID 19 World"
"April 21, 2020",https://rategain.com/blog/social-media-during-covid-19-tourism-brands-that-got-it-right/,8,Social Media During COVID-19: Tourism Brands That Got It Right
"March 20, 2020",https://rategain.com/blog/have-we-braced-ourselves/,12,We Are Bracing Ourselves: Are You?
"March 11, 2020",https://rategain.com/blog/how-to-capture-rate-integrity-issues-in-the-most-simplified-way/,10,How to Capture Rate Integrity Issues in the Most Simplified Way
"March 4, 2020",https://rategain.com/blog/top-3-rate-disparity-cases-acceptable-to-a-revenue-manager/,13,Top 3 Rate Disparity Cases Acceptable to a Revenue Manager
"February 27, 2020",https://rategain.com/blog/rate-integrity-a-brand-new-way-of-increasing-direct-bookings/,8,Rate Integrity: A Brand New Way of Increasing Direct Bookings
"February 19, 2020",https://rategain.com/blog/why-choose-rate-intelligence-over-rate-shopping/,11,Why Choose Rate Intelligence Over Rate Shopping?
"February 5, 2020",https://rategain.com/blog/why-a-rate-intelligence-experience-should-have-the-best-art-science-behind-it/,11,Why a Rate Intelligence Experience Should Have the Best Art & Science Behind it
"January 31, 2020",https://rategain.com/blog/our-point-of-view-on-the-modern-age-distribution-ecosystem/,6,Our Point of View on the Modern Age Distribution Ecosystem
"January 29, 2020",https://rategain.com/blog/are-you-leading-a-future-ready-hr/,7,Are You Leading A Future-Ready HR?
"January 20, 2020",https://rategain.com/blog/5-ways-to-ace-hospitality-marketing-in-2020/,5,5 Ways to Ace Hospitality Marketing in 2020
"January 14, 2020",https://rategain.com/blog/why-ux-is-instrumental-for-revenue-management/,16,Why UX is Instrumental for Revenue Management
"December 17, 2019",https://rategain.com/blog/visualizing-data-like-a-pro-the-key-to-unlock-the-data-gold-mine/,13,Visualizing Data Like a Pro: The Key to Unlock the Data Gold Mine
"December 4, 2019",https://rategain.com/blog/smart-shopping-for-data-driving-analytics-excellence-in-the-airlines-industry/,5,Smart Shopping for Data: Driving Analytics Excellence in the Airlines Industry
"November 29, 2019",https://rategain.com/blog/mr-hotelier-four-signs-it-is-time-to-change-your-distribution-partner/,5,"Mr. Hotelier, Four Signs It is Time to Change your Distribution Partner"
"November 22, 2019",https://rategain.com/blog/adopting-scrum-organization-people-processes/,3,Adopting SCRUM in the Organization’s People Processes
"November 19, 2019",https://rategain.com/blog/how-to-deliver-value-in-the-era-of-hospitality-industry-consolidation/,4,How to Deliver Value In The Era Of Hospitality Industry Consolidation?
"November 11, 2019",https://rategain.com/blog/what-will-define-long-term-success-for-airlines/,8,What will define Long Term Success for Airlines
"October 23, 2019",https://rategain.com/blog/challenges-for-airline-revenue-managers-beyond-2020/,9,Challenges for Airline Revenue Managers Beyond 2020
"October 21, 2019",https://rategain.com/blog/navigating-constant-consolidation/,8,Navigating Constant Consolidation
"October 17, 2019",https://rategain.com/blog/our-point-of-view-on-distribution-journey/,8,Our point of view on Distribution Journey
"October 15, 2019",https://rategain.com/blog/putting-user-experience-at-the-center-of-a-new-problem/,10,Putting User Experience at the center of a new problem
"October 15, 2019",https://rategain.com/blog/re-configuring-the-distribution-models-for-the-next-gen-distribution-ecosystem/,2,The Last Distribution Challenge
"October 4, 2019",https://rategain.com/blog/can-car-rental-analytics-help-make-better-investment-decisions/,8,Can Car Rental analytics help make better investment decisions?
"September 21, 2019",https://rategain.com/blog/top-three-considerations-for-blueprinting-your-content-transformation/,7,Top 3 considerations for blueprinting your content transformation
"September 11, 2019",https://rategain.com/blog/how-to-turn-around-car-industry-slowdown/,7,The Path to A Shared Future: Can car rentals help in turning around the industry slowdown ?
"August 21, 2019",https://rategain.com/blog/delivering-duty-of-care-in-the-age-of-corporate-rogue-travel/,5,Delivering Duty of Care in the Age of Corporate Rogue Travel
"July 22, 2019",https://rategain.com/blog/who-is-winning-the-experience-game-in-travel-and-hospitality/,2,Who is winning the experience game in travel and hospitality?
"July 18, 2019",https://rategain.com/blog/airlines-soaring-on-ancillary-revenue/,5,Airlines: Soaring on Ancillary Revenue
"June 24, 2019",https://rategain.com/blog/transaction-tracking-and-analytics-steering-car-rental/,5,Transaction Tracking and Analytics: Steering Car Rental
"June 24, 2019",https://rategain.com/blog/enhancing-car-rental-revenue-management-with-ai-driven-dynamic-pricing/,5,Enhancing Car Rental Revenue Management with AI-driven Dynamic Pricing
"February 8, 2019",https://rategain.com/blog/busting-billion-dollar-digital-myth-cruise-lines/,6,Busting a billion-dollar digital myth for cruise lines!
"September 24, 2018",https://rategain.com/blog/future-distribution-strategy-doorstep/,4,The future of distribution strategy at your doorstep
"August 27, 2018",https://rategain.com/blog/importance-picture-reviews-hotel-reputation/,4,"‘A Thousand Words’: Why Great Visuals Speak Directly, Fluently and Effortlessly"
"August 24, 2018",https://rategain.com/blog/new-age-big-data-growth-package-providers/,3,New Age Data is Driving Growth for Travel Package Providers
"July 16, 2018",,4,Tackling content issues head-on
"July 13, 2018",https://rategain.com/blog/7-trends-hotel-distribution/,3,7 Top Trends In Hotel Distribution Today
"May 4, 2018",https://rategain.com/blog/channel-management-channel-management-hrs-selects-rategain-channel-management-partner-new-platform/,3,HRS Selects RateGain as its Channel Management Partner for their newest connectivity platform
"April 11, 2018",https://rategain.com/blog/code-itineraries-road-map-travel-industry/,3,Code Itineraries: A road map for the travel industry to unlock one trillion dollars in value by 2025
"April 9, 2018",https://rategain.com/blog/5-ways-improve-hotels-visibility-search-engines/,3,5 Ways to Improve Your Hotel's Visibility within Search Engines
"April 3, 2018",,3,Hitting a home run in automation tools
"January 22, 2018",,3,Tapping the world’s no. 1 outbound travel market
"January 11, 2018",https://rategain.com/blog/pure-adrenaline-distribution-strategy-studio/,3,It's 100% pure adrenaline! Introducing Distribution Strategy Studio
"December 11, 2017",https://rategain.com/blog/hotel-reputation-matters-revenue/,4,Your Hotel Reputation Matters to Your Revenue
"November 23, 2017",https://rategain.com/blog/hotel-parity-prevent-revenue-leakages/,3,"Hoteliers, Take a Re-look at Parity and Prevent Revenue Leakages"
"November 21, 2017",,4,Assessing the boom in travel startups
"November 13, 2017",https://rategain.com/blog/advanced-hotel-revenue-management-tool/,3,Building the Perfect Revenue Strategy Is Not Enough; Advanced Hotel Revenue Management Tool is a Must!
"November 3, 2017",https://rategain.com/blog/geo-based-competitive-price-tracking-rate-intelligence-tool/,4,Travel Industry is Already Using Geo-based Competitive Price Tracking; Act Now Before Its Too Late
"October 25, 2017",https://rategain.com/blog/benefits-hotel-price-intelligence-solution/,4,We Bet You Will Not Want to Miss The Benefits of a Comprehensive Hotel Price Intelligence Solution!
"October 23, 2017",,4,Sharing economy blurring the lines in hospitality
"October 11, 2017",https://rategain.com/blog/track-competitor-mobile-app-rates-hotel/,3,Tracking Mobile App Rates of Your Competition is a MUST for Your Price Strategy!
"September 29, 2017",https://rategain.com/blog/artificial-intelligence-replace-human-intelligence-revenue-management-pricing-analyst/,3,Will Artificial Intelligence Replace Human Intelligence in Revenue Management and Pricing Analysis?
"September 25, 2017",,2,It’s time to reexamine the data structure behind hotel distribution
"September 21, 2017",https://rategain.com/blog/fundamental-hotel-marketing-strategies-stand-out/,4,7 Fundamental Hotel Marketing Strategies To Stand Out From Your Competition
"September 18, 2017",https://rategain.com/blog/effective-hotel-guest-loyalty-program-increase-revenue/,4,Design an Effective Hotel Guest Loyalty Program to Increase Hotel Bookings and Revenue
"September 14, 2017",https://rategain.com/blog/yield-management-hospitality-revenue-strategy/,3,Yield Management in Hospitality - Important for Efficient Revenue Management Strategy
"September 7, 2017",https://rategain.com/blog/make-guests-promoters-hotel-brand/,3,What Makes Your Guests The Promoters of Your Brand?
"August 29, 2017",,3,Tapping the potential of IoT
"August 28, 2017",https://rategain.com/blog/role-future-technology-travel-industry/,3,The Role and Future of Technology in Travel Industry
"August 21, 2017",https://rategain.com/blog/brandgain-new-consumer-review-dashboard/,3,New Consumer Review Dashboard For Hotels
"August 21, 2017",https://rategain.com/blog/measuring-hotel-demand-city-skyrocket-revenue/,3,Measuring Demand in Your City will Skyrocket your Revenue - Here is How!
"August 16, 2017",https://rategain.com/blog/methods-gather-hotel-guest-feedback/,2,7 Best Methods to Gather Quality Guest Feedback
"August 14, 2017",https://rategain.com/blog/brilliant-hotelier-thanos-resorts-spas-cyprus/,4,"The Brilliant Hotelier: Face To Face With Panayiotis Kyprianou From Thanos Resorts & Spas, Cyprus"
"August 10, 2017",,3,Monitoring Hundreds of Booking Sites - No Longer a Challenging Task for Hoteliers
"August 8, 2017",https://rategain.com/blog/utilize-closed-user-group-customers-increase-revenue-direct-bookings/,4,"Hotels, Utilize Closed User Group (CUG) Customers to Increase Revenue Through Direct Bookings"
"August 2, 2017",https://rategain.com/blog/revenue-centric-culture-integrated-hotel-technology/,4,Create a Revenue Centric Culture in your Hotel by Integrating Technology
"August 1, 2017",,4,"Despite the best efforts of hotel brands, travelers still love to click around"
"July 31, 2017",https://rategain.com/blog/mobile-support-hotel-online-reputation-management-strategy/,4,"Hoteliers, Are You Using Mobile to Support Your Online Reputation Management?"
"July 25, 2017",https://rategain.com/blog/tips-improve-online-reviews-hotel/,4,7 Practical tips to improve online reviews of your hotel
"July 24, 2017",https://rategain.com/blog/features-consider-choosing-hotel-channel-manager/,4,14 Features to Consider Before Your Hotel Decides to Devote In a Channel Manager
"July 19, 2017",https://rategain.com/blog/managing-hotel-guest-sentiment-online-presence-revenue-centric-culture/,4,Managing Hotel Guest Sentiment and Online Presence to Create Revenue Centric Culture
"July 18, 2017",https://rategain.com/blog/right-hotel-channel-manager-stand-out-competitive-edge/,3,"Hoteliers, You Need a Channel Manager with an Edge to Stand out from Competition"
"July 17, 2017",,3,Blockchain and its potential to upend the travel industry
"July 10, 2017",https://rategain.com/blog/create-hotel-revenue-centric-culture/,4,"Hoteliers, Learn How to Create A Revenue Centric Culture in Your Hotel"
"July 4, 2017",https://rategain.com/blog/growing-importance-hotel-online-reputation-management/,4,"Hoteliers, Learn About The Growing Importance of Hotel Online Reputation Management"
"June 28, 2017",https://rategain.com/blog/restaurant-online-reputation-enhance-hotel-brand/,4,How to Make Restaurant’s Online Reputation a Secret Sauce in Enhancing your Hotel Brand?
"June 19, 2017",https://rategain.com/blog/engaging-travelers-social-media-hotels-reap-benefits/,4,Engaging Travelers Through Social Media Can Reap Umpteen Benefits for Hotels
"June 14, 2017",https://rategain.com/blog/adopt-balanced-hotel-distribution-strategy/,2,Approach For A Balanced Hotel Distribution Strategy - Learn Why Hotels Should Adopt It
"June 6, 2017",https://rategain.com/blog/improve-guest-experience-build-hotel-facebook-strategy-social-media/,3,9 Tips to Build a Hotel’s Facebook Strategy & Improve Guest Experience
"May 30, 2017",https://rategain.com/blog/millennial-travelers-trends-hospitality-sector/,3,Top Trends: Millennial Travelers & the Hospitality Sector
"May 26, 2017",https://rategain.com/blog/evolving-hotel-revenue-manager-use-big-data/,2,Evolving Role Of Hotel Revenue Manager - Part 4
"May 24, 2017",https://rategain.com/blog/evolving-role-revenue-managers-hotel-comp-set/,3,The Evolving Role of Revenue Managers - Part 3
"May 24, 2017",,3,Good translation key to staying in global marketplace
"May 17, 2017",https://rategain.com/blog/evolving-role-hotel-revenue-managers-part2/,3,The Evolving Role Of Hotel Revenue Managers – Part 2
"May 15, 2017",https://rategain.com/blog/revpar-management-hotel-distribution-reputation-strategy/,3,How Your Hotel distribution & Online Reputation Strategy is key to RevPAR Management
"May 10, 2017",https://rategain.com/blog/evolving-role-hotel-revenue-managers-part1/,3,The Evolving Role of Hotel Revenue Managers - Part 1
"May 2, 2017",https://rategain.com/blog/effective-hotels-guest-surveys-loyalty-programs/,3,5 Effective Ways Hotels Could Conduct Guest Surveys and Loyalty Programs
"April 26, 2017",https://rategain.com/blog/vacation-rentals-eating-hotel-revenue/,3,"Hoteliers, Are Vacation Rentals Eating Your Lunch?"
"April 24, 2017",,3,Abbreviations are not a content strategy
"April 18, 2017",https://rategain.com/blog/future-hotel-revenue-management-bots-humans/,3,The Future of Hotel Revenue Management – BOTs or Humans?
"April 14, 2017",https://rategain.com/blog/overcome-shortcomings-challenges-in-online-reputation-management/,3,"Hoteliers, Learn How to Overcome the Challenges in Online Reputation Management"
"April 13, 2017",https://rategain.com/blog/managing-seasonal-market-changes-hotel-stays-top-part4/,4,Managing Seasonal Market Changes to Ensure your Hotel Stays on Top - Part 4
"April 11, 2017",https://rategain.com/blog/seasonal-market-changes-hotels-attract-guests/,3,Managing Seasonal Market Changes to Ensure your Hotel Stays on Top - Part 3
"April 7, 2017",https://rategain.com/blog/managing-seasonal-market-changes-hotel-stays-top-part-2/,4,Managing Seasonal Market Changes to Ensure your Hotel Stays on Top - Part 2
"April 3, 2017",,2,Solving the hospitality industry’s ‘content conundrum’
"April 3, 2017",https://rategain.com/blog/managing-seasonal-market-changes-hotel-stays-top/,3,Managing Seasonal Market Changes to Ensure your Hotel Stays on Top - Part 1
"March 27, 2017",https://rategain.com/blog/revenue-managers-embrace-automation-market-leaders/,2,"Hoteliers, Beat the Competition and Be The Market Leaders By Adopting Automation"
"March 17, 2017",https://rategain.com/blog/how-hotels-use-google-maximise-online-presence/,2,How Can Hotels Use Google to Maximise their Online Presence?
"March 14, 2017",https://rategain.com/blog/revenue-management-marketing-automation-for-independent-hotels/,4,Revenue Management & Marketing Automation can Help Independent Hotels Stay Ahead
"March 8, 2017",,4,Big Data Challenge
"March 2, 2017",https://rategain.com/blog/hotel-revenue-management-strategy-pre-opening/,4,"Hoteliers, Design Your Revenue Management Strategy in Pre-Opening Stage"
"February 20, 2017",https://rategain.com/blog/track-events-and-holidays-increase-hotel-revenue/,3,"Hoteliers, Keep a Track of Events and Holidays To Increase your Revenue Many Folds"
"February 13, 2017",https://rategain.com/blog/effective-hotel-pricing-strategy-to-boost-revenue/,5,3 Effective Hotel Pricing Strategy Can Boost Your Hotel Revenue
"February 2, 2017",https://rategain.com/blog/how-to-manage-hotel-online-reviews/,3,How to Manage Hotel's Online Reviews & Guest Experience
"January 25, 2017",https://rategain.com/blog/why-should-hotels-pay-special-attention-to-demand-forecasting/,3,Why Should Hotels Pay Special Attention to Demand Forecasting?
"January 16, 2017",,3,"The Brilliant Hotelier: Face to face with Deanna Jayasundera from Theme Resorts and Spas, Sri Lanka"
"January 3, 2017",https://rategain.com/blog/rategains-top-12-blogs-of-2016/,4,RateGain’s Top 12 Blogs of 2016
"December 27, 2016",https://rategain.com/blog/managing-real-time-room-inventories-across-multiple-otas/,2,Managing Real-Time Room Inventories Across Multiple OTAs
"December 19, 2016",https://rategain.com/blog/the-brilliant-hotelier-face-2-face-with-ria-roberto-the-director-of-revenue-management-at-kenz-hotel-management-abu/,2,"The Brilliant Hotelier: Face 2 Face with Ria Roberto, the Director of Revenue Management at Kenz Hotel Management, UAE"
"November 28, 2016",https://rategain.com/blog/be-the-revenue-management-hero-of-your-hotel/,4,Be the Revenue Management Hero of your Hotel
"November 23, 2016",,4,"Hotels, Let’s Go Direct!"
"November 21, 2016",https://rategain.com/blog/tips-to-build-customer-loyalty-for-your-restaurant/,4,Tips to Build Customer Loyalty for Your Restaurant
"November 18, 2016",https://rategain.com/blog/systems-reliability-a-necessity-for-hotel-operations-part-2/,4,"Systems Reliability, A Necessity for Hotel Operations: Part 2"
"November 16, 2016",https://rategain.com/blog/is-your-hotel-united-by-goals-but-divided-by-systems/,4,Is Your Hotel United by Goals but Divided by Systems?
"November 15, 2016",https://rategain.com/blog/the-brilliant-hotelier-face-2-face-with-i-nyoman-astama-general-manager-of-the-bali-niksoma-boutique-beach-resort/,4,"The Brilliant Hotelier: Face 2 Face with I Nyoman Astama, General Manager of the Bali Niksoma Boutique Beach Resort"
"November 11, 2016",https://rategain.com/blog/systems-reliability-a-necessity-for-hotel-operations-part-1/,3,"Systems Reliability, A Necessity for Hotel Operations: Part 1"
"November 8, 2016",https://rategain.com/blog/is-your-hotel-website-ready-for-googles-latest-mobile-updates/,3,Is your Hotel Website Ready for Google's Latest Mobile Updates
"November 3, 2016",https://rategain.com/blog/optimize-your-hotels-seo-and-mobile-strategy/,4,Optimize Your Hotel’s SEO and Mobile Strategy
"November 2, 2016",https://rategain.com/blog/the-brilliant-hotelier-face-2-face-with-stavros-drakou-director-at-cyprotels-hotels-and-resorts-cyprus/,1,"The Brilliant Hotelier: Face 2 Face with Stavros Drakou, Director at Cyprotels Hotels and Resorts, Cyprus"
"October 26, 2016",https://rategain.com/blog/whats-spookier-than-halloween-for-hoteliers/,2,What’s spookier than Halloween for Hoteliers?
"October 10, 2016",,2,Tapping the phenomenal potential of the Asia Pacific region
"October 6, 2016",https://rategain.com/blog/the-brilliant-hotelier-face-2-face-with-trisna-widia-marketing-e-commerce-manager-prime-plaza-hotels-and-resorts-indonesia/,2,"The Brilliant Hotelier: Face 2 Face with Trisna Widia, Marketing & E-Commerce Manager, Prime Plaza Hotels and Resorts, Indonesia"
"September 26, 2016",https://rategain.com/blog/how-to-increase-hotel-direct-bookings-dont-ignore-the-role-of-a-booking-engine/,2,How to Increase Hotel Direct Bookings? Don’t Ignore the Role of a Booking Engine
"September 21, 2016",https://rategain.com/blog/weary-of-disruption-5-simple-steps-to-disrupt-the-disruptions-in-the-rapidly-changing-hospitality-industry/,2,Weary of Disruption? 5 Simple Steps to Disrupt the Disruptions in the Rapidly Changing Hospitality Industry
"September 16, 2016",https://rategain.com/blog/disruption-in-the-hotel-industry-and-changing-face-of-the-global-travel-market/,2,Disruption in the Hotel Industry and Changing Face of the Global Travel Market
"September 15, 2016",https://rategain.com/blog/the-brilliant-hotelier-tete-a-tete-with-richard-lewis-the-ceo-of-landmark-hotels-dubai/,3,"The Brilliant Hotelier: Tête-à-Tête with Richard Lewis, the CEO of Landmark Hotels, Dubai"
"September 12, 2016",,3,The fast-changing world of hospitality distribution
"September 6, 2016",https://rategain.com/blog/hotels-are-you-prepared-for-digital-detox-travelers/,4,"Hotels, Are You Prepared for Digital Detox Travelers?"
"September 2, 2016",https://rategain.com/blog/the-brilliant-hotelier-face-2-face-with-the-revenue-director-at-j5-rimal-hotel-apartments-dubai/,4,"The Brilliant Hotelier: Face 2 Face with the Revenue Director at J5 Rimal Hotel Apartments, Dubai"
"September 1, 2016",https://rategain.com/blog/how-hotels-of-tomorrow-are-improving-guest-experience-with-technology/,4,How Hotels of Tomorrow are Improving Guest Experience with Technology?
"August 29, 2016",,4,Sharing economy and alternative lodging offer great opportunities
"August 25, 2016",https://rategain.com/blog/how-can-hotels-generate-more-revenue-from-customer-loyalty-part-ii/,3,How can Hotels Generate More Revenue from Customer Loyalty - Part II
"August 19, 2016",https://rategain.com/blog/how-can-hotels-generate-more-revenue-from-customer-loyalty-part-i/,3,How can Hotels Generate More Revenue from Customer Loyalty - Part I
"August 15, 2016",,3,Travel agents: a re-emerging force in hospitality distribution
"July 28, 2016",https://rategain.com/blog/top-5-things-about-hotel-revenue-management-your-boss-wants-to-know/,2,5 Things About Hotel Revenue Management Your Boss Wants to Know – Part II
"July 26, 2016",,3,Pikachu Conjures his Pokemon Friends for Increasing Hotel Revenues
"July 26, 2016",,3,The sensible economics of 'one to many'
"July 22, 2016",https://rategain.com/blog/5-things-about-hotel-revenue-management-your-boss-wants-to-know-part-i/,3,5 Things About Hotel Revenue Management Your Boss Wants to Know - Part I
"July 12, 2016",https://rategain.com/blog/hotels-improve-your-online-distribution-strategy-with-six-simple-tips/,3,"Hotels, Improve your Online Distribution Strategy with Six Simple Tips"
"July 11, 2016",https://rategain.com/blog/how-to-ensure-the-demand-generated-is-translated-into-increased-revenues/,3,How to Ensure the Demand Generated is Translated into Increased Revenues?
"June 27, 2016",https://rategain.com/blog/brexit-the-impact-on-travel-and-tourism-industry-now-and-later/,3,"Brexit: The Impact on Travel and Tourism Industry, Now and Later"
"June 21, 2016",https://rategain.com/blog/create-a-new-chapter-in-the-relationship-between-your-hotel-guests-with-chat-tools/,3,Create a new chapter in the relationship between Your Hotel & Guests with Chat Tools
"June 19, 2016",,2,Effective Ways to Measure & Generate Demand – Part V
"June 17, 2016",https://rategain.com/blog/effective-ways-to-measure-generate-demand-part-iv/,2,Effective Ways to Measure & Generate Demand – Part IV
"June 15, 2016",https://rategain.com/blog/effective-ways-to-measure-demand-part-ii/,3,Effective Ways to Measure & Generate Demand - Part II
"June 15, 2016",https://rategain.com/blog/effective-ways-to-measure-generate-demand-part-iii/,4,Effective Ways to Measure & Generate Demand – Part III
"May 17, 2016",https://rategain.com/blog/effective-ways-to-measure-and-generate-demand-part-i/,4,Effective Ways to Measure and Generate Demand - Part I
"May 3, 2016",https://rategain.com/blog/8-top-tips-to-choose-the-right-hotel-channel-manager/,4,8 Top Tips to Choose the Right Hotel Channel Manager
"April 27, 2016",https://rategain.com/blog/comparing-and-contrasting-industry-problems-with-revenue-optimisation/,4,Comparing and Contrasting Industry Problems with Revenue Optimisation
"April 20, 2016",,5,"Making Cents of RevGain: An Interview With the Revenue Manager at St. George Lycabettus Hotel, Greece"
"April 19, 2016",,4,Tapping the potential of emerging markets
"April 14, 2016",https://rategain.com/blog/unity-for-revenue-management-an-interview-with-the-revenue-analyst-at-the-manila-hotel-philippines/,5,"Unity for Revenue Management: An Interview With the Revenue Analyst at The Manila Hotel, Philippines"
"April 6, 2016",https://rategain.com/blog/how-to-choose-the-right-rate-optimisation-tool-for-your-hotel/,5,How to Choose the Right Rate Optimisation Tool for Your Hotel?
"April 4, 2016",,3,New partnerships underscore benefits of DHISCO’s ‘direct-to-many’ solutions
"March 21, 2016",https://rategain.com/blog/airbnb-an-alternate-lodging-threat-to-hotels/,4,Airbnb: An Alternate Lodging Threat to Hotels?
"March 9, 2016",,4,21 Points to Consider while Buying a Rate Shopping Tool for Your Hotel
"February 19, 2016",https://rategain.com/blog/critical-to-push-rates-along-with-occupancy/,4,Did You Know? It’s critical to Push Rates along with Occupancy
"February 12, 2016",https://rategain.com/blog/hotel-demand-forecasting-top-3-ways-hoteliers-can-leverage-this-strategic-management-tool/,4,Hotel Demand Forecasting: Top 3 Ways Hoteliers Can Leverage this Strategic Management Tool
"February 12, 2016",https://rategain.com/blog/7-quick-tips-for-your-hotel-pre-opening-in-2017/,4,7 Quick Tips For Your Hotel Pre-Opening In 2017
"February 8, 2016",https://rategain.com/blog/zika-virus-outbreak-impact-on-tourism-in-central-and-south-america/,4,Zika virus outbreak:  Is tourism industry in Central and South America on risk?
"January 27, 2016",,3,How to make 35% more revenue? Tap the power of Scientific Pricing
"January 8, 2016",,3,Want to Maximize Your Hotel Revenue? Get Your Room Forecast Accurate ASAP
"January 3, 2016",https://rategain.com/blog/9-undeniable-advantages-of-hotel-room-forecasting/,4,9 Undeniable Advantages of Hotel Room Forecasting
"December 15, 2015",https://rategain.com/blog/make-the-most-of-your-hotels-facebook-page/,3,Golden Rules to Make the Most of Your Hotel’s Facebook Page
"December 10, 2015",,2,DHISCO’s big data challenge
"October 23, 2015",https://rategain.com/blog/a-revenue-management-mistake-that-you-need-to-avoid-today/,2,A Revenue Management mistake that you need to avoid today
"October 19, 2015",https://rategain.com/blog/the-uk-revpar-growth-story-promises-and-challenges/,2,The UK RevPAR Growth Story: Promises and Challenges
"September 28, 2015",,2,August 2015: Parity Performance. Where Does Your City Stand? – Latin America
"September 18, 2015",,2,Introducing BrandGain Restaurant Module
"September 16, 2015",,2,"Q&A with new DHISCO CEO Toni Portmann, on taking Pegasus beyond the hotel switch"
"September 16, 2015",,2,Revenue optimisation love story: Grandhotel Zvon  achieves 34% growth in revenue with scientific pricing
"September 14, 2015",,3,Scientific pricing is no longer the Lamborghini you can never have.
"August 5, 2015",,2,"As other hotel distribution fees rise, DHISCO represents less than 1% of booking costs"
"July 21, 2015",,3,UNT Big Data Challenge
"July 16, 2015",https://rategain.com/blog/how-to-improve-your-hotels-online-reputation-using-a-100-year-old-mathematical-principle/,4,How to improve your hotel's online reputation using a 100 year old mathematics principle
"July 13, 2015",,2,Total Pricing
"June 12, 2015",,2,Update from HEDNA Barcelona: Forecast is sunny
"June 4, 2015",https://rategain.com/blog/revpar-growth-in-europe-the-top-three-cities/,2,RevPar Growth in Europe: The top three cities
"May 19, 2015",,2,The news for the hotel industry just keeps getting better
"April 29, 2015",https://rategain.com/blog/three-important-elements-your-revenue-management-system-is-missing/,3,Three important elements your Revenue Management system is missing
"April 21, 2015",,4,5 ways to Maximize Hotel Revenues in the Era of Mobile Bookings
"April 14, 2015",,4,Will airbnb disrupt the hotel business or just play on the sidelines?
"March 23, 2015",,4,3 Questions RateGain will Answer for you at WTM Latin America
"March 19, 2015",,3,5 Key Highlights of Super Successful RateGain’s Hotel Revenue Summit 2015 Jakarta
"March 10, 2015",,3,Reviews and Ratings: A simple way to use them to support your transient pricing strategy
"February 25, 2015",,3,ITB Berlin: 5 Steps to Making Your Visit a Success
"February 23, 2015",,2,Accor Hotels Partners with RateGain for its Rate Shopping Solution Integration
"February 19, 2015",,2,RateGain Bags Top Honour at The 2nd Inc. India Innovative100 Conference and Awards Gala
"February 12, 2015",,1,3 Reasons to visit RateGain at ITB Berlin
"February 12, 2015",,2,Top 3 Tips to Price Your Hotel Rooms Right in 2015
"February 9, 2015",,5,Europe's Outlook for 2015: What it means for your Hotel
"February 6, 2015",,5,"RateGain Announces Merril Yu and Sunish Sadasivan as Hotel Revenue Summit, Manila Keynote Speakers"
"February 4, 2015",,5,"Join RateGain at Hotel Revenue Summit, Manila on February 12th, 2015"
